hashtag,count,category
dogsofinstagram,995,Animals
dog,832,Animals
dogs,787,Animals
equine,754,Animals
donkey,605,Animals
pferd,573,Animals
animals,569,Animals
gelding,411,Animals
cheval,361,Animals
puppy,338,Animals
paard,332,Animals
labrador,321,Animals
bay,306,Animals
dogoftheday,285,Animals
instadog,269,Animals
pigs,257,Animals
animal,254,Animals
cows,230,Animals
cow,220,Animals
donkeys,217,Animals
dogsofinsta,210,Animals
dogstagram,207,Animals
sheep,196,Animals
dressagehorse,191,Animals
instapet,191,Animals
paarden,181,Animals
goodboy,171,Animals
lamb,169,Animals
rescuedog,165,Animals
labsofinstagram,164,Animals
valaisblacknose,161,Animals
valaisblacknosesheep,160,Animals
valaisblacknoselamb,159,Animals
cutestsheepintheworld,159,Animals
rarebreedsheep,159,Animals
bucklershard,158,Animals
cavallo,151,Animals
connemara,150,Animals
dogfriendly,148,Animals
chevaux,146,Animals
horseaccount,146,Animals
caballo,143,Animals
pig,141,Animals
horsemanship,138,Animals
stablelife,137,Animals
bordercollie,135,Animals
teamgreyling,134,Animals
paardrijden,133,Animals
stallion,132,Animals
hest,131,Animals
equus,131,Animals
doglover,130,Animals
thoroughbred,129,Animals
lovedogs,128,Animals
ilovemydog,121,Animals
petstagram,117,Animals
pferde,117,Animals
puppylove,115,Animals
qh,114,Animals
animalphotography,109,Animals
puppiesofinstagram,108,Animals
quarterhorse,104,Animals
instagramdogs,104,Animals
horselife,102,Animals
gundog,101,Animals
cockapoo,98,Animals
mycology,97,Animals
pet,96,Animals
springerspaniel,94,Animals
cockerspaniel,93,Animals
spaniel,93,Animals
pferdschoenheiten,89,Animals
jackrussell,88,Animals
connemarapony,87,Animals
dogsworld,86,Animals
adoptdontshop,81,Animals
pets,80,Animals
petsagram,79,Animals
dun,76,Animals
jackrussellterrier,76,Animals
twohearts,74,Animals
shetlandpony,73,Animals
pigsofinstagram,73,Animals
animallover,72,Animals
animalsofinstagram,72,Animals
sparklehorse,72,Animals
blacklab,71,Animals
dogphotography,71,Animals
brightbay,69,Animals
cob,69,Animals
germanshepherd,67,Animals
newfie,66,Animals
pup,66,Animals
frenchbulldog,66,Animals
stallknaggag,65,Animals
newfiesofinstagram,65,Animals
goldenpony,65,Animals
mares,64,Animals
dogsofinstgram,64,Animals
letthembelittle,63,Animals
roan,61,Animals
doggo,61,Animals
appaloosa,60,Animals
warmbloodmare,59,Animals
warmbloodx,59,Animals
thoroughbredx,59,Animals
thoroughbredmare,59,Animals
warmbloodxthoroughbred,59,Animals
WBxTB,59,Animals
mansbestfriend,59,Animals
goldenretriever,59,Animals
hound,58,Animals
dogsofig,57,Animals
nrps,57,Animals
mijnpaard,56,Animals
lecheval,56,Animals
dasPferd,56,Animals
pferdesport,56,Animals
hynder,56,Animals
horsey,56,Animals
icelandichorse,56,Animals
dachshund,56,Animals
gsp,55,Animals
piglets,55,Animals
puppies,54,Animals
happydog,54,Animals
soldal,54,Animals
spanielsofinstagram,53,Animals
fluffy,53,Animals
petsofinstagram,53,Animals
soldalpony,53,Animals
teamroan,52,Animals
dogslife,51,Animals
collie,50,Animals
horselovers,50,Animals
dogso,50,Animals
dressurpony,50,Animals
babydonkey,50,Animals
terrier,49,Animals
lurcher,49,Animals
staffordshirebullterrier,48,Animals
donkeyoftheday,47,Animals
doglife,46,Animals
cattle,46,Animals
rijden,46,Animals
welshpony,46,Animals
beagle,46,Animals
sausagedog,46,Animals
pug,46,Animals
princesspony,45,Animals
staffy,45,Animals
dachshundsofinstagram,45,Animals
wholetthedogsoutwedid,45,Animals
yellowlab,45,Animals
maltese,45,Animals
ruiter,44,Animals
whippet,44,Animals
labradorretriever,44,Animals
castle,43,Animals
vizsla,43,Animals
frenchie,43,Animals
otter,43,Animals
instadogs,43,Animals
instalab,43,Animals
piggies,42,Animals
haflinger,42,Animals
shetland,42,Animals
borderterrier,41,Animals
labradoodle,40,Animals
mua,40,Animals
cockapoosofinstagram,40,Animals
showingsheep,40,Animals
annietufty,39,Animals
pointer,39,Animals
borzoi,39,Animals
beaglesofinstagram,39,Animals
ilovemyhorse,39,Animals
horsehead,38,Animals
gsppuppy,38,Animals
otters,38,Animals
collatan,38,Animals
alpaca,37,Animals
husky,37,Animals
piggy,37,Animals
quaterhorse,37,Animals
horseshoe,37,Animals
cats,36,Animals
bulldog,36,Animals
pugsofinstagram,35,Animals
gsplove,35,Animals
borzoilove,35,Animals
borzoiofinstagram,35,Animals
russianwolfhound,35,Animals
catsofinstagram,35,Animals
arabxwelsh,35,Animals
piglet,34,Animals
cowsofinstagram,34,Animals
phoebe,34,Animals
greyladIII,34,Animals
pikeur,33,Animals
eskadron,33,Animals
puppiesofig,33,Animals
danskvarmblod,33,Animals
allihiesemerald,33,Animals
workingcocker,33,Animals
arabx,33,Animals
cockapoopuppy,32,Animals
wolf,32,Animals
horsesofyoutube,32,Animals
greyhound,31,Animals
araber,31,Animals
rescuedogsofinstagram,31,Animals
hygge,31,Animals
cat,31,Animals
lecente,31,Animals
highlandcow,30,Animals
calf,30,Animals
germanshorthairedpointer,30,Animals
puppydog,30,Animals
horseaddict,30,Animals
babyhorse,30,Animals
welshx,30,Animals
bokeh,30,Animals
caterer,30,Animals
reiten,30,Animals
labradorsofinstagram,29,Animals
belltenthire,29,Animals
jackrussel,29,Animals
lurcherofinstagram,29,Animals
donkeysofinstagram,28,Animals
piggythings,28,Animals
dogswelcome,28,Animals
palominopower,27,Animals
mane,27,Animals
springer,27,Animals
mouse,27,Animals
birddog,27,Animals
pointingdogs,27,Animals
germanspitzmittel,27,Animals
staffie,27,Animals
blacklabrador,27,Animals
goldenretrieversofinstagram,27,Animals
bigears,27,Animals
WhatPeggyDidNext,27,Animals
poodle,27,Animals
poulain,26,Animals
kittens,26,Animals
showpony,26,Animals
instapuppy,26,Animals
cockerpoo,26,Animals
tail,26,Animals
tuakana,26,Animals
sportsponni,25,Animals
clydesdale,25,Animals
babyanimals,25,Animals
animallovers,25,Animals
colliesofinstagram,25,Animals
pomeranian,25,Animals
sleep,25,Animals
horsesoninstagram,25,Animals
alltheprettyflorals,24,Animals
doggy,24,Animals
pooch,24,Animals
cutedog,24,Animals
horseselfie,24,Animals
emberthegsp,24,Animals
dailydog,24,Animals
dogsofinstaworld,24,Animals
puglife,24,Animals
adoptarescuedog,24,Animals
crossbreed,24,Animals
filly,23,Animals
Appaloosa,23,Animals
highlandcattle,23,Animals
lab,23,Animals
welshsecd,23,Animals
doguedebordeaux,23,Animals
frenchmastiff,23,Animals
vrijheidsdressuur,23,Animals
palomino,23,Animals
inglaterra,23,Animals
weimaraner,23,Animals
fosterdog,23,Animals
workingcockerspaniel,22,Animals
hestesitat,22,Animals
sitat,22,Animals
boxer,22,Animals
staffygram,22,Animals
mypony,22,Animals
retriever,22,Animals
houndsofinstagram,22,Animals
cheveux,22,Animals
cuteanimals,21,Animals
springerspanielsofinstagram,21,Animals
alaskanmalamute,21,Animals
workinghunter,21,Animals
chihuahua,21,Animals
beagles,21,Animals
fuchs,21,Animals
chihuahuasofinstagram,21,Animals
colliecross,21,Animals
bordercolliesofinstagram,20,Animals
woofwoofwednesday,20,Animals
wonderpony,20,Animals
doggies,20,Animals
littledonkey,20,Animals
springpony,20,Animals
horsepic,20,Animals
horsegram,20,Animals
jackrussellsofinstagram,20,Animals
pugs,20,Animals
bassethound,20,Animals
allabouthorses,20,Animals
heeeeeest,20,Animals
engels,20,Animals
ilovedogs,20,Animals
dogrescue,20,Animals
hatchetpond,199,Area of Interest
bolderwood,186,Area of Interest
rhinefieldhouse,182,Area of Interest
lepebeach,101,Area of Interest
deerleap,92,Area of Interest
rhinefield,87,Area of Interest
beaulieuriver,83,Area of Interest
lepe,81,Area of Interest
keyhaven,80,Area of Interest
setleypond,66,Area of Interest
lymingtonquay,62,Area of Interest
exbury,56,Area of Interest
boltonsbench,50,Area of Interest
hatchetmoor,46,Area of Interest
moorsvalley,44,Area of Interest
hollandswood,39,Area of Interest
balmerlawn,39,Area of Interest
hythemarina,38,Area of Interest
fawley,38,Area of Interest
marina,36,Area of Interest
Somerley,34,Area of Interest
bolderwooddeersanctuary,33,Area of Interest
roundhill,33,Area of Interest
blackwater,33,Area of Interest
Exbury,32,Area of Interest
oberwater,32,Area of Interest
rockfordcommon,30,Area of Interest
longwalks,30,Area of Interest
hurstspit,29,Area of Interest
thesolent,29,Area of Interest
ornamentaldrive,29,Area of Interest
calshotbeach,28,Area of Interest
soton,28,Area of Interest
cadlandestate,28,Area of Interest
arboretum,28,Area of Interest
burleyoak,28,Area of Interest
riveravon,26,Area of Interest
pylewell,26,Area of Interest
acresdown,25,Area of Interest
dibdenpurlieu,25,Area of Interest
nomansland,24,Area of Interest
deersanctuary,23,Area of Interest
shirleyholms,21,Area of Interest
dibdeninclosure,20,Area of Interest
avonbeach,20,Area of Interest
canon,604,Brand
nikon,504,Brand
canonphotography,188,Brand
nikonphotography,172,Brand
iphonephotography,138,Brand
iphone,136,Brand
canonuk,108,Brand
snapseed,82,Brand
drmartens,78,Brand
dji,77,Brand
gopro,73,Brand
mycanon,71,Brand
fujifilm,71,Brand
ford,71,Brand
fullers,68,Brand
ferrari,67,Brand
strava,62,Brand
iphoneonly,59,Brand
shotoniphone,57,Brand
samsung,57,Brand
canon1300d,54,Brand
iphone6s,53,Brand
landrover,50,Brand
galaxys,47,Brand
lumix,46,Brand
nikonuk,44,Brand
lumixuk,44,Brand
Canon,42,Brand
bmw,41,Brand
wiggle,41,Brand
panasonicuk,41,Brand
canonphoto,40,Brand
panasonic,38,Brand
parelli,35,Brand
nikond,34,Brand
canon80d,33,Brand
garmin,32,Brand
nikoncamera,32,Brand
YouTuber,32,Brand
iphone8plus,32,Brand
honda,31,Brand
canon6d,31,Brand
canon5d,30,Brand
iphone,30,Brand
sony,29,Brand
nikonuser,29,Brand
nikonphoto,28,Brand
HondaCivicTypeRMilanoRed,28,Brand
HondaCivicSportMilanoRed,28,Brand
SoldalsOlympicConcorde,27,Brand
nikoncoolpixp,26,Brand
coolpixp,26,Brand
sonyphotography,26,Brand
nikond,25,Brand
mini,25,Brand
goprophotography,25,Brand
mucoff,25,Brand
adidas,24,Brand
mavicpro,24,Brand
nike,24,Brand
canon5dmarkiii,24,Brand
pentax,24,Brand
cannon,24,Brand
mercedes,23,Brand
sram,23,Brand
chammies,23,Brand
adobe,23,Brand
fuji,23,Brand
fiesta,23,Brand
volkswagen,23,Brand
CanonPhotography,23,Brand
iphone7plus,22,Brand
etsyshop,22,Brand
shimano,22,Brand
harleydavidson,21,Brand
leica,21,Brand
canondslr,21,Brand
blackfriday,21,Brand
newforesticecream,20,Brand
kona,20,Brand
sigma,20,Brand
vwcampervan,20,Brand
stravacycling,20,Brand
cannondale,20,Brand
cubebikes,20,Brand
audi,20,Brand
interiordesign,209,Business
newforestwildlifepark,190,Business
waggytailssouthampton,159,Business
emmisbeautyroom,91,Business
EstateAgents,86,Business
tate,75,Business
stmartins,75,Business
smallbusiness,72,Business
shadesphotographic,72,Business
newmiltontattoo,53,Business
business,50,Business
ringwoodbrewery,50,Business
BridalBootSale,49,Business
chillywhite,46,Business
freepoolandjukeboxeverytuesday,46,Business
availableforfunctions,46,Business
moonstudio,45,Business
estateagent,43,Business
etsyseller,43,Business
sunshinetherapy,42,Business
realestate,42,Business
fatalframes,41,Business
weddingplanner,41,Business
HousingMarket,35,Business
smallbiz,35,Business
buywithconfidence,34,Business
supercarsoflondon,34,Business
davedodgephotography,33,Business
jessopsmoment,33,Business
usedcar,32,Business
eventcatering,32,Business
woodingtontroutfishery,32,Business
marketing,31,Business
sale,31,Business
notonthehighstreet,30,Business
moonstudioceramics,30,Business
londonweddingphotographer,29,Business
londonwedding,29,Business
graphicdesign,27,Business
sawmillbusiness,27,Business
airbnb,27,Business
wiltshireweddingphotographer,27,Business
wellwedmagazine,27,Business
chestnutproducts,26,Business
patrickspatch,25,Business
artforsale,24,Business
hampshireopenstudios,23,Business
localbusiness,23,Business
familybusiness,22,Business
beautifybykaty,22,Business
sascreative,21,Business
selfemployed,21,Business
southerncollective,20,Business
boutique,20,Business
SiRamik,20,Business
handmade,244,Crafts
homemade,124,Crafts
ceramics,123,Crafts
illustration,105,Crafts
craft,83,Crafts
creative,72,Crafts
pottery,66,Crafts
lathe,66,Crafts
etsy,58,Crafts
bespoke,57,Crafts
naturalmaterial,53,Crafts
postalhistory,50,Crafts
crafts,43,Crafts
potteryclass,42,Crafts
craftbeer,40,Crafts
ink,36,Crafts
coachhousewoodworks,35,Crafts
tinker,32,Crafts
pen,32,Crafts
silver,31,Crafts
pencil,31,Crafts
woodwork,30,Crafts
sketchbook,29,Crafts
getcreative,27,Crafts
frame,27,Crafts
handcrafted,25,Crafts
landscapepainting,24,Crafts
claytime,22,Crafts
kidscraft,22,Crafts
instapottery,21,Crafts
makecards,21,Crafts
papercutting,20,Crafts
paintings,20,Crafts
ballpointpen,20,Crafts
ceramicsclass,20,Crafts
art,492,Cultural
garden,311,Cultural
artist,162,Cultural
enchantedforest,160,Cultural
architecture,154,Cultural
livemusic,153,Cultural
artofvisuals,152,Cultural
farm,137,Cultural
getaway,133,Cultural
deforestation,128,Cultural
field,126,Cultural
pannage,126,Cultural
cottage,120,Cultural
exburygardens,114,Cultural
village,113,Cultural
wildernessculture,112,Cultural
gardens,110,Cultural
foresterculture,110,Cultural
painting,108,Cultural
forestFire,102,Cultural
fire,98,Cultural
bridge,97,Cultural
music,94,Cultural
fields,94,Cultural
artwork,86,Cultural
fairy,85,Cultural
artgallery,83,Cultural
timber,82,Cultural
contemporaryart,78,Cultural
building,76,Cultural
woodturning,75,Cultural
drawing,74,Cultural
church,74,Cultural
monsters,74,Cultural
watercolour,70,Cultural
sketch,65,Cultural
rustic,64,Cultural
instaart,63,Cultural
woodart,61,Cultural
harbour,59,Cultural
countryhouse,56,Cultural
unicorn,56,Cultural
fineart,55,Cultural
classic,54,Cultural
braxtongardens,54,Cultural
bands,51,Cultural
oilpainting,50,Cultural
artistsoninstagram,46,Cultural
quay,46,Cultural
sculpture,45,Cultural
whitehorse,45,Cultural
fairies,45,Cultural
hunting,44,Cultural
chewtonglengardens,43,Cultural
beachhut,43,Cultural
market,43,Cultural
artistic,42,Cultural
artsway,42,Cultural
graveyard,42,Cultural
shop,41,Cultural
gallery,40,Cultural
logs,40,Cultural
fairytale,39,Cultural
furzeygardens,37,Cultural
arts,36,Cultural
grazing,35,Cultural
musician,35,Cultural
artists,35,Cultural
artofinstagram,35,Cultural
muscle,35,Cultural
artsy,34,Cultural
meadow,34,Cultural
beachhuts,33,Cultural
modernart,32,Cultural
smallholding,32,Cultural
thatchedroof,32,Cultural
artexhibition,31,Cultural
treehouse,31,Cultural
traditional,31,Cultural
acoustic,31,Cultural
slatecottage,31,Cultural
old,30,Cultural
stoneware,30,Cultural
aliceinwonderland,30,Cultural
streetart,29,Cultural
farming,29,Cultural
archilovers,28,Cultural
englishcountrygarden,27,Cultural
urbanart,27,Cultural
culture,27,Cultural
storytellingmama,27,Cultural
wildlifeart,25,Cultural
lymingtonmarket,25,Cultural
folk,25,Cultural
exhibition,25,Cultural
Village,24,Cultural
tractor,24,Cultural
gravel,24,Cultural
guitar,24,Cultural
witches,23,Cultural
witchcraft,23,Cultural
architecturelovers,23,Cultural
manorhouse,22,Cultural
harvest,22,Cultural
window,22,Cultural
shepherdshut,21,Cultural
buildings,21,Cultural
architect,21,Cultural
lodge,21,Cultural
books,20,Cultural
railway,20,Cultural
englishgarden,20,Cultural
beergarden,20,Cultural
witch,20,Cultural
love,2112,Emotion
beautiful,1452,Emotion
adventure,946,Emotion
explore,931,Emotion
cute,798,Emotion
happy,779,Emotion
fun,590,Emotion
wanderlust,462,Emotion
exploring,359,Emotion
beauty,353,Emotion
pretty,336,Emotion
relax,311,Emotion
awesome,263,Emotion
character,218,Emotion
life,216,Emotion
peaceful,207,Emotion
amazing,205,Emotion
freedom,203,Emotion
smile,195,Emotion
loves,193,Emotion
happiness,186,Emotion
handsome,184,Emotion
beautifuldestinations,169,Emotion
cheeky,167,Emotion
outsideisfree,166,Emotion
peace,166,Emotion
adventures,155,Emotion
memories,154,Emotion
exploremore,149,Emotion
proud,148,Emotion
lovenature,143,Emotion
forestlovers,143,Emotion
stubborn,138,Emotion
ilovehim,138,Emotion
LivingLife,135,Emotion
LovingLife,135,Emotion
prospect,135,Emotion
exploretocreate,133,Emotion
scenic,128,Emotion
lovehim,122,Emotion
relaxing,117,Emotion
loveher,115,Emotion
stunning,109,Emotion
chill,109,Emotion
lovelife,101,Emotion
free,96,Emotion
gorgeous,94,Emotion
happyplace,92,Emotion
goodvibes,91,Emotion
inspiration,90,Emotion
beautifulday,89,Emotion
splendid,88,Emotion
magic,88,Emotion
mylove,87,Emotion
motivation,86,Emotion
lovely,82,Emotion
magical,79,Emotion
loveit,78,Emotion
cutie,77,Emotion
perfect,76,Emotion
liberty,76,Emotion
nirvana,73,Emotion
funtimes,73,Emotion
calm,73,Emotion
passion,70,Emotion
goodmorning,69,Emotion
lucky,69,Emotion
enjoy,69,Emotion
smiles,68,Emotion
happydays,68,Emotion
escape,66,Emotion
like,66,Emotion
moody,65,Emotion
woodisgood,65,Emotion
discover,64,Emotion
mystery,64,Emotion
lovinglife,63,Emotion
mindfulness,63,Emotion
wonderful,62,Emotion
adventuretime,62,Emotion
princess,60,Emotion
lovethem,59,Emotion
dream,56,Emotion
best,56,Emotion
qualitytime,55,Emotion
takemeback,54,Emotion
lovemylife,52,Emotion
havefun,52,Emotion
lovemyjob,51,Emotion
chilling,50,Emotion
positivevibes,49,Emotion
quality,49,Emotion
cool,49,Emotion
funny,48,Emotion
goodvibesonly,47,Emotion
trust,46,Emotion
fridayfeeling,46,Emotion
excited,45,Emotion
letshavefun,45,Emotion
divine,44,Emotion
mytinyatlas,44,Emotion
relaxed,43,Emotion
live,43,Emotion
hippyvibes,42,Emotion
magicofchildhood,42,Emotion
relaxation,41,Emotion
grateful,41,Emotion
chilled,40,Emotion
sleepy,40,Emotion
adorable,40,Emotion
favourite,40,Emotion
newadventures,40,Emotion
bliss,40,Emotion
nice,39,Emotion
inlove,39,Emotion
challenge,39,Emotion
blessed,38,Emotion
tired,37,Emotion
perspective,36,Emotion
winner,36,Emotion
perfection,35,Emotion
unique,35,Emotion
vibes,34,Emotion
socute,33,Emotion
wow,33,Emotion
curious,33,Emotion
Inspirational,33,Emotion
focus,32,Emotion
spooky,32,Emotion
fail,32,Emotion
moodbooster,32,Emotion
Motivational,32,Emotion
AlwaysHustle,32,Emotion
BeYou,32,Emotion
BeTrue,32,Emotion
StayReal,32,Emotion
Adventure,31,Emotion
roamingfree,31,Emotion
mavic,31,Emotion
chillin,31,Emotion
crazy,31,Emotion
lovelyday,30,Emotion
Love,30,Emotion
goodday,30,Emotion
strong,30,Emotion
breathe,29,Emotion
skylovers,29,Emotion
wonder,29,Emotion
greatday,28,Emotion
nutter,28,Emotion
silly,27,Emotion
loveyou,27,Emotion
mood,27,Emotion
special,27,Emotion
Beautiful,27,Emotion
winning,26,Emotion
happygirly,26,Emotion
worlderlust,26,Emotion
favouriteplace,25,Emotion
happytimes,25,Emotion
cuties,25,Emotion
beautyinnature,25,Emotion
energy,24,Emotion
rest,24,Emotion
Quaint,24,Emotion
freespirit,24,Emotion
wellbeing,24,Emotion
sopretty,24,Emotion
enjoylife,23,Emotion
contemporary,23,Emotion
tranquil,23,Emotion
mentalhealth,23,Emotion
romantic,23,Emotion
moments,23,Emotion
beautifulplace,23,Emotion
glorious,22,Emotion
lush,22,Emotion
friendly,22,Emotion
learning,22,Emotion
Relax,22,Emotion
champion,22,Emotion
majestic,22,Emotion
laughs,22,Emotion
toocute,22,Emotion
lost,22,Emotion
chillout,21,Emotion
lazy,21,Emotion
wellness,21,Emotion
great,21,Emotion
hope,21,Emotion
happygirl,21,Emotion
ilovenature,21,Emotion
exceptional,21,Emotion
paradise,20,Emotion
simple,20,Emotion
cantwait,20,Emotion
specialplace,20,Emotion
loveofmylife,20,Emotion
happyday,20,Emotion
recharge,20,Emotion
laugh,20,Emotion
gratitude,20,Emotion
newforestshow,146,Event
events,96,Event
eventprofsuk,88,Event
newforestmarathon,78,Event
newforestfairyfestival,70,Event
event,69,Event
fairyfestival,66,Event
forestffest,52,Event
sheepshow,42,Event
curiousartsfestival,42,Event
show,41,Event
newforestshow,31,Event
newforesthalfmarathon,31,Event
countryshow,30,Event
ellinghamshow,21,Event
nfmarathon,21,Event
newforestmarathon,21,Event
food,357,Food and Drink
coffee,266,Food and Drink
foodie,243,Food and Drink
pub,231,Food and Drink
cake,185,Food and Drink
thepig,182,Food and Drink
lunch,176,Food and Drink
foodporn,170,Food and Drink
vegan,168,Food and Drink
restaurant,166,Food and Drink
thepighotel,149,Food and Drink
instafood,147,Food and Drink
icecream,137,Food and Drink
tea,136,Food and Drink
afternoontea,129,Food and Drink
dinner,127,Food and Drink
bbq,126,Food and Drink
smokedanduncut,120,Food and Drink
fullerskitchen,118,Food and Drink
creamtea,113,Food and Drink
wine,110,Food and Drink
delicious,110,Food and Drink
vegetarian,110,Food and Drink
breakfast,102,Food and Drink
gin,98,Food and Drink
sweet,93,Food and Drink
yummy,91,Food and Drink
beer,91,Food and Drink
espresso,89,Food and Drink
scones,86,Food and Drink
drink,86,Food and Drink
drinks,86,Food and Drink
thefoxintheforest,82,Food and Drink
chocolate,81,Food and Drink
coffeelovers,78,Food and Drink
coffeeaddicts,77,Food and Drink
cider,74,Food and Drink
publunch,72,Food and Drink
cocktails,69,Food and Drink
coffeecupping,67,Food and Drink
specialtycoffee,67,Food and Drink
glutenfree,67,Food and Drink
veganfriendly,65,Food and Drink
tearoom,61,Food and Drink
catering,59,Food and Drink
ginger,57,Food and Drink
roastedcoffee,57,Food and Drink
dairyfree,56,Food and Drink
mushroomsnstuff,56,Food and Drink
bar,55,Food and Drink
dogfriendlycafe,55,Food and Drink
yum,55,Food and Drink
glutenfreefriendly,53,Food and Drink
muffinsgalore,53,Food and Drink
velo,53,Food and Drink
ilovefood,52,Food and Drink
vegsocapproved,52,Food and Drink
strawberry,51,Food and Drink
prosecco,51,Food and Drink
beard,50,Food and Drink
freshfood,50,Food and Drink
italianrestaurant,50,Food and Drink
tearooms,48,Food and Drink
pubfood,48,Food and Drink
baking,48,Food and Drink
allthemushroomhashtags,48,Food and Drink
thelangleytavern,47,Food and Drink
sportsbar,47,Food and Drink
pumpkin,47,Food and Drink
gardenloungebar,46,Food and Drink
goodfood,46,Food and Drink
cappuccino,44,Food and Drink
vitamind,43,Food and Drink
tasty,43,Food and Drink
champagne,43,Food and Drink
sundayroast,43,Food and Drink
organic,42,Food and Drink
foodpic,42,Food and Drink
finedining,41,Food and Drink
ginandtonic,39,Food and Drink
kitchengarden,38,Food and Drink
organiccoloursystemsuk,38,Food and Drink
cheese,38,Food and Drink
yogaretreat,37,Food and Drink
vegansofinstagram,37,Food and Drink
instacake,37,Food and Drink
syphoncoffee,36,Food and Drink
veganlife,36,Food and Drink
pizza,35,Food and Drink
foodies,35,Food and Drink
coffeetime,35,Food and Drink
theknot,35,Food and Drink
veganfood,35,Food and Drink
veganism,34,Food and Drink
veganhaircare,34,Food and Drink
onlyatfullers,34,Food and Drink
localproduce,34,Food and Drink
seafood,33,Food and Drink
hungry,33,Food and Drink
veganfoodshare,33,Food and Drink
thepigbrockenhurst,33,Food and Drink
pilgriminn,33,Food and Drink
cafe,32,Food and Drink
bellinnnewforest,32,Food and Drink
artisan,31,Food and Drink
vegansofig,31,Food and Drink
cakes,31,Food and Drink
cooking,30,Food and Drink
Pub,30,Food and Drink
cupcakes,30,Food and Drink
eat,29,Food and Drink
thehuntsmanofbrokenhurst,29,Food and Drink
birthdaycake,29,Food and Drink
countrypub,28,Food and Drink
fruit,28,Food and Drink
SoMuchRice,28,Food and Drink
RiceBox,28,Food and Drink
icecreambike,27,Food and Drink
icecreamtricycle,27,Food and Drink
whatveganseat,27,Food and Drink
muffins,27,Food and Drink
salad,27,Food and Drink
healthyeating,27,Food and Drink
weddingcake,27,Food and Drink
cookeryschool,26,Food and Drink
bruin,26,Food and Drink
newforestvegans,26,Food and Drink
foodstagram,26,Food and Drink
shortbreak,26,Food and Drink
oakinn,25,Food and Drink
weddingfood,25,Food and Drink
healthyfood,25,Food and Drink
eating,24,Food and Drink
VillagePub,24,Food and Drink
localfood,24,Food and Drink
pimms,24,Food and Drink
TheDen,24,Food and Drink
craftale,24,Food and Drink
cocktail,23,Food and Drink
tonic,23,Food and Drink
carsandcoffee,23,Food and Drink
cream,23,Food and Drink
veganbaking,23,Food and Drink
thehuntsmanofbrockenhurst,23,Food and Drink
roast,23,Food and Drink
bakingismypassion,23,Food and Drink
jam,22,Food and Drink
diet,22,Food and Drink
meat,22,Food and Drink
bestofbritish,21,Food and Drink
fishandchips,21,Food and Drink
brunch,21,Food and Drink
Fullers,21,Food and Drink
ale,21,Food and Drink
wildfood,21,Food and Drink
alcohol,20,Food and Drink
teatime,20,Food and Drink
homemadebaking,20,Food and Drink
icecreamstand,20,Food and Drink
caterers,20,Food and Drink
redwine,20,Food and Drink
mushroomhunter,20,Food and Drink
BBQ,19,Food and Drink
history,122,Heritage
NationalMotorMuseum,116,Heritage
hurstcastle,110,Heritage
Museum,93,Heritage
ruin,90,Heritage
MotorMuseum,89,Heritage
beaulieunationalmotormuseum,70,Heritage
lighthouse,41,Heritage
Palace,38,Heritage
stleonards,31,Heritage
beaulieuabbey,30,Heritage
heritage,30,Heritage
beaulieumotormuseum,29,Heritage
historic,26,Heritage
palacehouse,26,Heritage
steamtrain,21,Heritage
englishheritage,21,Heritage
lestweforget,20,Heritage
norwegianforestcat,115,International
europe,108,International
amazone,93,International
dutch,87,International
german,37,International
global,34,International
natuurfotografie,28,International
italian,25,International
aroundtheworld,25,International
frenchiesofinstagram,24,International
discoverlandscape,54,Landsape
landscapephoto,52,Landsape
landscapeart,48,Landsape
treescape,44,Landsape
seascape,43,Landsape
landscapepics,41,Landsape
Countryside,40,Landsape
countryside,1843,Landscape
landscape,1663,Landscape
scenery,230,Landscape
rural,129,Landscape
landscapelovers,105,Landscape
landscapes,94,Landscape
landscapelover,29,Landscape
landscapehunter,22,Landscape
hotel,248,Leisure
limewood,225,Leisure
spa,191,Leisure
luxury,187,Leisure
Holiday,175,Leisure
holidays,159,Leisure
summerholidays,155,Leisure
limewoodhotel,145,Leisure
MiniBreak,135,Leisure
MiniHoliday,135,Leisure
chewtonglen,134,Leisure
vacation,110,Leisure
weekendgetaway,101,Leisure
selfcatering,96,Leisure
burleymanor,89,Leisure
careysmanor,85,Leisure
weekendbreak,76,Leisure
bankholidayweekend,67,Leisure
holidayrental,65,Leisure
longweekend,55,Leisure
visit,53,Leisure
break,53,Leisure
thatchedcottage,48,Leisure
rhinefieldhousehotel,43,Leisure
hotels,40,Leisure
hottub,40,Leisure
retreat,37,Leisure
holidaycottage,35,Leisure
luxuryhotel,35,Leisure
newparkmanor,34,Leisure
senspa,34,Leisure
spabreak,32,Leisure
handpickedhotels,30,Leisure
chewtonoaks,28,Leisure
apartments,28,Leisure
cottagegarden,27,Leisure
boutiquehotel,27,Leisure
bedandbreakfast,26,Leisure
weekaway,24,Leisure
holidayhome,23,Leisure
UKHolidays,23,Leisure
timeoff,23,Leisure
luxurybreaks,23,Leisure
shortstay,21,Leisure
ukholiday,20,Leisure
lifestyle,180,lifestyle
fashion,155,lifestyle
vintage,143,lifestyle
New,140,lifestyle
design,132,lifestyle
Property,113,lifestyle
lovewhereilive,113,lifestyle
style,107,lifestyle
model,106,Lifestyle
RealEstate,104,lifestyle
local,101,lifestyle
Properties,99,lifestyle
beautysalon,96,lifestyle
dressur,92,lifestyle
new,91,lifestyle
tanningsalon,89,lifestyle
Homebuyer,88,lifestyle
nailsofinstagram,88,lifestyle
villagelife,78,lifestyle
nails2inspire,77,lifestyle
weddinginspiration,76,lifestyle
jewellery,75,lifestyle
film,75,lifestyle
interiors,71,lifestyle
nailbar,70,lifestyle
floogals,70,lifestyle
travelbag,69,lifestyle
kitchen,67,lifestyle
gifts,66,lifestyle
wellies,65,lifestyle
personaltrainer,65,lifestyle
weddingdress,63,lifestyle
property,62,lifestyle
homesweethome,62,lifestyle
shellac,62,lifestyle
shopping,61,lifestyle
lightroom,61,lifestyle
weddingphotoinspiration,58,lifestyle
healthylifestyle,58,lifestyle
makeup,57,lifestyle
spaday,57,lifestyle
heath,57,lifestyle
lovewherewelive,55,lifestyle
PropertyMarket,53,lifestyle
tattooaddiction,53,lifestyle
tanningstudio,52,lifestyle
retro,50,lifestyle
weddingvenue,50,lifestyle
newhome,50,lifestyle
clean,50,lifestyle
gym,50,lifestyle
prettynails,50,lifestyle
roomwithaview,50,lifestyle
dorsetwedding,49,lifestyle
weddinginspo,49,lifestyle
tattoo,49,lifestyle
shoplocal,48,lifestyle
weddingplanning,48,lifestyle
BridalBazaar,48,lifestyle
weightloss,47,lifestyle
1milefromthebeach,47,lifestyle
roomstorent,47,lifestyle
slimmingworld,47,lifestyle
modern,46,lifestyle
interior,45,lifestyle
buylocal,45,lifestyle
fitnessmotivation,45,lifestyle
cardio,45,lifestyle
pocket,45,lifestyle
crueltyfree,44,lifestyle
luxurylife,44,lifestyle
rockmywedding,43,lifestyle
bridetobe,43,lifestyle
treat,43,lifestyle
naturalnails,42,lifestyle
ForestFit,42,lifestyle
nailsonfleek,42,lifestyle
homedecor,41,lifestyle
makeupartist,41,lifestyle
decor,41,lifestyle
nailie,41,lifestyle
brideandgroom,40,lifestyle
shopride,39,lifestyle
lookgoodfeelgood,39,lifestyle
bronzedskin,39,lifestyle
weddingfair,39,lifestyle
tv,39,lifestyle
healthyliving,39,lifestyle
organiccoloursystems,39,lifestyle
thehappynow,39,lifestyle
lifeofadventure,39,lifestyle
liveauthentic,39,lifestyle
yard,38,lifestyle
lifeafterlondon,38,lifestyle
heart,38,lifestyle
bridemagazine,37,lifestyle
mensfashion,37,lifestyle
hair,36,lifestyle
countrysidelife,36,lifestyle
entrepreneur,36,lifestyle
menswear,36,lifestyle
stylemepretty,35,lifestyle
countryfile,34,lifestyle
newhouse,33,lifestyle
ukweddingphotographer,33,lifestyle
hairstylist,33,lifestyle
tanning,33,lifestyle
supportlocal,33,lifestyle
girlstrip,33,lifestyle
luxurylifestyle,33,lifestyle
livefolk,33,lifestyle
delivery,32,lifestyle
forestwedding,32,lifestyle
wiltshirewedding,32,lifestyle
homegrown,31,lifestyle
dress,31,lifestyle
hairdresser,31,lifestyle
bridesmaids,31,lifestyle
living,31,lifestyle
bridalmusings,30,lifestyle
rhinefieldhousewedding,30,lifestyle
celebrate,30,lifestyle
newforestweddingphotographer,30,lifestyle
stable,30,lifestyle
hunterjumper,29,lifestyle
weddingflowers,29,lifestyle
ukwedding,29,lifestyle
personalised,29,lifestyle
luxurywedding,29,lifestyle
CountryLiving,28,lifestyle
belltents,28,lifestyle
weddingmakeup,28,lifestyle
WorkHard,28,lifestyle
weddingstylist,28,lifestyle
myfloralvibe,27,lifestyle
redhair,27,lifestyle
weddingchicks,27,lifestyle
nailsalon,27,lifestyle
luxuryweddingfair,27,lifestyle
weddingmarketplace,27,lifestyle
exclusivewedding,27,lifestyle
Somerleywedding,27,lifestyle
HampshireBridalBootSale,27,lifestyle
DorsetBridalBootSale,27,lifestyle
Hampshirewedding,27,lifestyle
Dorsetwedding,27,lifestyle
Hampshireweddingfair,27,lifestyle
Dorsetweddingfair,27,lifestyle
bridesmaid,26,lifestyle
bridal,26,lifestyle
marquee,26,lifestyle
organichaircolour,26,lifestyle
fitspo,26,lifestyle
tweed,26,lifestyle
instalife,26,lifestyle
bath,26,lifestyle
naturetherapy,26,lifestyle
stables,25,lifestyle
fromwhereiwalk,25,lifestyle
livelife,25,lifestyle
organichaircare,25,lifestyle
shortstayhomes,25,lifestyle
rims,24,lifestyle
tech,24,lifestyle
fitnessjourney,24,lifestyle
renovation,24,lifestyle
rusticwedding,24,lifestyle
instahome,24,lifestyle
bodybuilding,24,lifestyle
getfit,24,lifestyle
diy,24,lifestyle
bunting,23,lifestyle
project,23,lifestyle
carshopping,23,lifestyle
longhair,23,lifestyle
blondehair,23,lifestyle
healthyhair,23,lifestyle
nailextensions,23,lifestyle
princessnails,23,lifestyle
globetrotter,23,lifestyle
giftideas,23,lifestyle
shutuplegs,22,lifestyle
nails,22,lifestyle
hampshireweddings,22,lifestyle
auto,22,lifestyle
alloys,22,lifestyle
suits,22,lifestyle
protenniscoaching,22,lifestyle
diamond,22,lifestyle
sportscar,22,lifestyle
personalisedgifts,22,lifestyle
gelnails,22,lifestyle
growyourown,22,lifestyle
instawedding,22,lifestyle
allnailsbyhand,22,lifestyle
travellife,21,lifestyle
leather,21,lifestyle
weddinganniversary,21,lifestyle
veganhaircolour,21,lifestyle
seekthesimplicity,21,lifestyle
cambridgeweightplan,21,lifestyle
boss,21,lifestyle
behindthescenes,21,lifestyle
racecar,21,lifestyle
shellacmanicure,21,lifestyle
weddingreception,20,lifestyle
campervanlife,20,lifestyle
dreamhome,20,lifestyle
worklifebalance,20,lifestyle
vintagecar,20,lifestyle
support,20,lifestyle
vintagestyle,20,lifestyle
localartscene,20,lifestyle
massage,20,lifestyle
curlyhair,20,lifestyle
placestovisit,20,lifestyle
fly,20,lifestyle
instahair,20,lifestyle
furniture,20,lifestyle
weightlossjourney,20,lifestyle
paint,20,lifestyle
cricut,20,lifestyle
fireplace,20,lifestyle
stormbrian,20,lifestyle
chewton,20,lifestyle
england,2199,National
uk,1860,National
England,389,National
englishcountryside,330,National
lovegreatbritain,246,National
photosofbritain,234,National
capturingbritain,231,National
photosofengland,188,National
UK,152,National
unitedkingdom,126,National
british,126,National
britain,123,National
welsh,109,National
britains,106,National
greatbritain,102,National
thisprettyengland,79,National
instabritain,68,National
english,61,National
thisisengland,61,National
gloriousbritain,55,National
bestukpics,53,National
gb,44,National
exploreengland,38,National
visituk,38,National
beautifulengland,33,National
beautifulbritain,31,National
prettyengland,29,National
visualsofbritain,27,National
British,26,National
mybritain,25,National
englisch,21,National
Uk,20,National
nature,5512,Natural Environment
forest,3633,Natural Environment
trees,2160,Natural Environment
sunset,1554,Natural Environment
wildlife,1245,Natural Environment
tree,1072,Natural Environment
outdoors,1000,Natural Environment
woods,741,Natural Environment
sunshine,716,Natural Environment
sun,660,Natural Environment
sky,643,Natural Environment
clouds,629,Natural Environment
woodland,595,Natural Environment
beach,547,Natural Environment
wild,544,Natural Environment
leaves,543,Natural Environment
sunrise,503,Natural Environment
fungi,443,Natural Environment
flowers,403,Natural Environment
sea,396,Natural Environment
heather,390,Natural Environment
water,381,Natural Environment
river,360,Natural Environment
bluesky,350,Natural Environment
mushrooms,349,Natural Environment
naturelovers,339,Natural Environment
deer,337,Natural Environment
sunny,322,Natural Environment
view,299,Natural Environment
sunnyday,285,Natural Environment
seaside,269,Natural Environment
blueskies,245,Natural Environment
wood,241,Natural Environment
naturelover,234,Natural Environment
freshair,233,Natural Environment
grass,229,Natural Environment
solent,223,Natural Environment
mushroom,217,Natural Environment
forests,212,Natural Environment
views,206,Natural Environment
rain,205,Natural Environment
lake,204,Natural Environment
greatoutdoors,200,Natural Environment
forestfloor,194,Natural Environment
thegreatoutdoors,191,Natural Environment
birds,186,Natural Environment
Forest,185,Natural Environment
pond,179,Natural Environment
natural,162,Natural Environment
stream,158,Natural Environment
star,155,Natural Environment
intheforest,153,Natural Environment
heathland,150,Natural Environment
weather,149,Natural Environment
forestpark,149,Natural Environment
coast,148,Natural Environment
silhouette,146,Natural Environment
instanature,140,Natural Environment
rainforest,137,Natural Environment
blackforest,137,Natural Environment
bride,132,Natural Environment
cold,132,Natural Environment
foresthills,131,Natural Environment
mist,131,Natural Environment
outside,129,Natural Environment
lakeforest,126,Natural Environment
cloudforest,123,Natural Environment
sunsets,122,Natural Environment
butterfly,119,Natural Environment
Foresthill,119,Natural Environment
mothernature,119,Natural Environment
earth,118,Natural Environment
sunlight,118,Natural Environment
bambooforest,113,Natural Environment
monkeyforest,112,Natural Environment
britishwildlife,106,Natural Environment
britishcountryside,105,Natural Environment
fungus,105,Natural Environment
skyporn,103,Natural Environment
chestnut,100,Natural Environment
naturalbeauty,99,Natural Environment
naturegram,98,Natural Environment
bird,98,Natural Environment
plants,95,Natural Environment
cloudporn,95,Natural Environment
earthpix,94,Natural Environment
wilderness,91,Natural Environment
moss,90,Natural Environment
rainyday,87,Natural Environment
ferns,86,Natural Environment
dusk,86,Natural Environment
stag,85,Natural Environment
shadows,85,Natural Environment
mud,85,Natural Environment
oak,84,Natural Environment
muddy,84,Natural Environment
flower,84,Natural Environment
lonelyplanet,83,Natural Environment
Nature,81,Natural Environment
naturesbeauty,78,Natural Environment
rainbow,78,Natural Environment
skyline,78,Natural Environment
cloud,77,Natural Environment
wildlifepark,76,Natural Environment
night,74,Natural Environment
clay,74,Natural Environment
beachlife,74,Natural Environment
fern,71,Natural Environment
flowerstagram,70,Natural Environment
fallowdeer,70,Natural Environment
toadstool,69,Natural Environment
swan,68,Natural Environment
swans,66,Natural Environment
britainsbreathingspaces,65,Natural Environment
wet,63,Natural Environment
naturelove,61,Natural Environment
flora,59,Natural Environment
woodlands,59,Natural Environment
fog,58,Natural Environment
intothewoods,58,Natural Environment
lavender,58,Natural Environment
woodgrain,58,Natural Environment
outdoor,57,Natural Environment
wildflowers,57,Natural Environment
natureshots,57,Natural Environment
leaf,57,Natural Environment
greenery,56,Natural Environment
dawn,56,Natural Environment
treesofinstagram,56,Natural Environment
plantbased,55,Natural Environment
shadow,54,Natural Environment
bark,53,Natural Environment
owl,53,Natural Environment
dessert,52,Natural Environment
birdsofinstagram,52,Natural Environment
storm,52,Natural Environment
ice,52,Natural Environment
naturalworld,52,Natural Environment
oaktree,51,Natural Environment
naturaleza,51,Natural Environment
woodporn,51,Natural Environment
horizon,50,Natural Environment
moon,50,Natural Environment
ocean,49,Natural Environment
skies,49,Natural Environment
nightsky,48,Natural Environment
robin,47,Natural Environment
naturephoto,47,Natural Environment
natureporn,47,Natural Environment
pinetrees,47,Natural Environment
talltrees,47,Natural Environment
weatherwithyou,47,Natural Environment
shade,46,Natural Environment
natureaddict,46,Natural Environment
conservation,46,Natural Environment
sand,45,Natural Environment
antlers,44,Natural Environment
Sunset,44,Natural Environment
acorns,44,Natural Environment
waves,43,Natural Environment
coastal,43,Natural Environment
wildanimals,42,Natural Environment
fish,41,Natural Environment
insect,41,Natural Environment
wildandfree,40,Natural Environment
space,39,Natural Environment
birdphotography,39,Natural Environment
roses,39,Natural Environment
treestagram,38,Natural Environment
plant,38,Natural Environment
ukwildlife,38,Natural Environment
puddles,37,Natural Environment
windy,37,Natural Environment
reddeer,37,Natural Environment
stars,37,Natural Environment
fox,36,Natural Environment
wildmushrooms,36,Natural Environment
discoverearth,36,Natural Environment
cloudy,36,Natural Environment
milkyway,35,Natural Environment
floral,35,Natural Environment
sunrays,35,Natural Environment
naturebeauty,35,Natural Environment
misty,34,Natural Environment
lakes,34,Natural Environment
fullmoon,33,Natural Environment
instasky,33,Natural Environment
Wildlife,33,Natural Environment
carbon,33,Natural Environment
instaflower,33,Natural Environment
frost,33,Natural Environment
branches,32,Natural Environment
coastline,32,Natural Environment
natura,32,Natural Environment
seaview,32,Natural Environment
bracken,31,Natural Environment
bythesea,31,Natural Environment
flowersofinstagram,31,Natural Environment
rose,31,Natural Environment
raindrops,31,Natural Environment
animalkingdom,31,Natural Environment
pine,30,Natural Environment
riverside,30,Natural Environment
rewilding,30,Natural Environment
ducks,30,Natural Environment
butterflies,30,Natural Environment
waterside,30,Natural Environment
gorse,30,Natural Environment
bee,30,Natural Environment
fallingleaves,30,Natural Environment
natureatitsbest,30,Natural Environment
backtonature,29,Natural Environment
rainydays,29,Natural Environment
holly,28,Natural Environment
puddle,28,Natural Environment
inthewoods,28,Natural Environment
flyagaric,28,Natural Environment
Beach,28,Natural Environment
trout,28,Natural Environment
earthday,27,Natural Environment
beetle,27,Natural Environment
shrooms,27,Natural Environment
moo,27,Natural Environment
sundown,27,Natural Environment
natureonly,27,Natural Environment
underthefloralspell,26,Natural Environment
eveningsky,26,Natural Environment
funghi,26,Natural Environment
britishbirds,26,Natural Environment
raining,26,Natural Environment
wildnature,26,Natural Environment
wildlifephotographer,26,Natural Environment
silverbirch,26,Natural Environment
planet,26,Natural Environment
frosty,26,Natural Environment
environment,25,Natural Environment
keepitwild,25,Natural Environment
afterlight,25,Natural Environment
heathers,25,Natural Environment
britishweather,25,Natural Environment
moor,25,Natural Environment
birdsofprey,25,Natural Environment
insects,25,Natural Environment
treetrunk,24,Natural Environment
naturepics,24,Natural Environment
steam,24,Natural Environment
eveninglight,24,Natural Environment
spiderweb,24,Natural Environment
doe,24,Natural Environment
rainy,24,Natural Environment
wildlifeaddicts,24,Natural Environment
sunsetlovers,24,Natural Environment
fallenleaves,24,Natural Environment
log,23,Natural Environment
naturereserve,23,Natural Environment
staywild,23,Natural Environment
fallentree,23,Natural Environment
pebbles,23,Natural Environment
wind,23,Natural Environment
natureperfection,23,Natural Environment
rainbowtrout,23,Natural Environment
stormy,23,Natural Environment
wald,23,Natural Environment
bees,22,Natural Environment
wildlifeplanet,22,Natural Environment
naturepic,22,Natural Environment
rocks,22,Natural Environment
pinetree,22,Natural Environment
treeporn,22,Natural Environment
buck,22,Natural Environment
beech,22,Natural Environment
fairweathers,21,Natural Environment
harvestmouse,21,Natural Environment
wings,21,Natural Environment
toadstools,21,Natural Environment
blackberries,21,Natural Environment
natureuk,21,Natural Environment
petals,20,Natural Environment
WildlifePark,20,Natural Environment
fallow,20,Natural Environment
intotheforest,20,Natural Environment
native,20,Natural Environment
moonlight,20,Natural Environment
Newforestvalaisblacknose,132,New Forest
newforestlife,130,New Forest
newforestwedding,123,New Forest
newforestescapes,100,New Forest
newforestwalk,76,New Forest
newforestdonkey,65,New Forest
newforestphotographer,44,New Forest
newforestfun,40,New Forest
newforestwalks,38,New Forest
newforestdogwalk,33,New Forest
newforestmare,32,New Forest
newforestphotography,31,New Forest
newforestpigs,28,New Forest
newforestvalaisblacknose,27,New Forest
NewForestwedding,27,New Forest
newforestdonkeys,26,New Forest
newforestpub,26,New Forest
newforestcycling,26,New Forest
lovelivinginthenewforest,25,New Forest
nationalpark,951,NP
newforestnationalpark,831,NP
newforestnpa,274,NP
nationalforest,145,NP
nationalparks,37,NP
NationalPark,27,NP
NewForestNationalPark,20,NP
thenewforestnationalpark,20,NP
nationaltrust,125,Organisation
newforesttrust,72,Organisation
lovetheforest,50,Organisation
forestrycommission,39,Organisation
newforestnp,38,Organisation
ordnancesurvey,38,Organisation
nfwildlifepark,37,Organisation
lovethenewforest,36,Organisation
newforestmarque,33,Organisation
nfnpa,33,Organisation
rspb,32,Organisation
bbcsouthtoday,29,Organisation
campingintheforest,26,Organisation
natgeotravel,26,Organisation
ShorefieldHolidays,25,Organisation
nfm,22,Organisation
visitnewforest,22,Organisation
NewForestWildlifePark,21,Organisation
teswoodlakes,20,Organisation
london,214,Outside the Forest
salisbury,185,Outside the Forest
poole,155,Outside the Forest
winchester,109,Outside the Forest
jurassiccoast,98,Outside the Forest
brighton,83,Outside the Forest
portsmouth,79,Outside the Forest
salisburyartcentre,63,Outside the Forest
bournemouthbeach,56,Outside the Forest
denmark,51,Outside the Forest
sandbanks,51,Outside the Forest
surrey,41,Outside the Forest
burghley,39,Outside the Forest
theneedles,38,Outside the Forest
salisburyplain,36,Outside the Forest
Romsey,35,Outside the Forest
sweden,32,Outside the Forest
bournemouthpier,32,Outside the Forest
oldenborg,31,Outside the Forest
purbeck,31,Outside the Forest
wimborne,30,Outside the Forest
iow,29,Outside the Forest
igersdorset,29,Outside the Forest
SalisburyPlain,28,Outside the Forest
visitdorset,28,Outside the Forest
olympus,27,Outside the Forest
sussexweddingphotographer,27,Outside the Forest
studland,27,Outside the Forest
southbourne,27,Outside the Forest
alresford,27,Outside the Forest
nederlands,25,Outside the Forest
durdledoor,23,Outside the Forest
lovebournemouth,23,Outside the Forest
lovedorset,22,Outside the Forest
cornwall,22,Outside the Forest
weymouth,21,Outside the Forest
dorchester,21,Outside the Forest
verano,21,Outside the Forest
salisburycathedral,20,Outside the Forest
swanage,20,Outside the Forest
photo,531,Photography
macro,214,Photography
hdr,214,Photography
portrait,180,Photography
vscocam,135,Photography
picture,106,Photography
blackandwhitephotography,105,Photography
blackandwhitephoto,98,Photography
weddingphotographer,95,Photography
closeup,89,Photography
photos,86,Photography
amateurphotography,86,Photography
hampshirephotographer,80,Photography
photographylovers,80,Photography
longexposure,78,Photography
camera,78,Photography
35mm,74,Photography
Photography,69,Photography
macroworld,68,Photography
hdrphotography,65,Photography
photographyislife,65,Photography
hampshireweddingphotographer,60,Photography
dslr,60,Photography
photograph,56,Photography
macrophotography,56,Photography
portraitphotography,56,Photography
lifethroughalens,55,Photography
lifethroughmylens,53,Photography
capture,52,Photography
photographylover,52,Photography
phonepic,51,Photography
iphoneography,50,Photography
filmphotography,49,Photography
familyphotography,49,Photography
mobilephotography,48,Photography
dronestagram,48,Photography
filmisnotdead,47,Photography
pic,47,Photography
dorsetweddingphotographer,47,Photography
leefilters,46,Photography
cameramama,45,Photography
nightphotography,43,Photography
travelphotos,43,Photography
snapshot,41,Photography
photographylife,41,Photography
streetphotography,41,Photography
panasoniclumix,38,Photography
paardenfotografie,38,Photography
southamptonphotographer,37,Photography
topukphoto,37,Photography
nikond,36,Photography
natureandmacro,36,Photography
fotografie,35,Photography
pictures,34,Photography
filter,34,Photography
dronephotography,34,Photography
capturing,34,Photography
monochrome,33,Photography
pastel,33,Photography
bw,33,Photography
videography,33,Photography
edited,33,Photography
photographic,33,Photography
portraits,32,Photography
travelphoto,32,Photography
phototag,31,Photography
photoshop,31,Photography
horsephotoshoot,30,Photography
petphotography,30,Photography
ilovephotography,30,Photography
photographerlife,29,Photography
dslrphotography,29,Photography
boldphotography,29,Photography
pixel,28,Photography
photogenic,28,Photography
theimaged,28,Photography
photographyislifee,28,Photography
proreflect,28,Photography
theeverydayportrait,27,Photography
forestphotography,26,Photography
bnwphotography,26,Photography
amateurphotographer,26,Photography
dorsetphotographer,26,Photography
contrast,26,Photography
NoFilter,25,Photography
portraitsdrawnbydavidholt,25,Photography
50mm,25,Photography
pics,24,Photography
phonephotography,24,Photography
panorama,24,Photography
edit,24,Photography
polychromos,24,Photography
ishootfilm,23,Photography
photographysouls,23,Photography
ukphotographer,23,Photography
pyrography,23,Photography
aerialphotography,21,Photography
childphotography,21,Photography
phoneography,21,Photography
bestnatureshots,21,Photography
myphoto,21,Photography
capturethemoment,21,Photography
createandcapture,21,Photography
photogaphy,21,Photography
fotografia,20,Photography
momswithcameras,20,Photography
filming,20,Photography
horse,2855,Pony or Horse
pony,2838,Pony or Horse
newforestpony,2497,Pony or Horse
horses,2431,Pony or Horse
ponies,1231,Pony or Horse
horsesofinstagram,1203,Pony or Horse
newforestponies,592,Pony or Horse
wildhorses,464,Pony or Horse
poniesofinstagram,408,Pony or Horse
instahorse,344,Pony or Horse
mare,337,Pony or Horse
foal,301,Pony or Horse
horsephotography,183,Pony or Horse
instapony,176,Pony or Horse
horselover,150,Pony or Horse
horseofinstagram,137,Pony or Horse
wildponies,133,Pony or Horse
horsepower,132,Pony or Horse
happypony,114,Pony or Horse
poney,112,Pony or Horse
horselove,107,Pony or Horse
horsestagram,98,Pony or Horse
ponny,96,Pony or Horse
horsesofig,92,Pony or Horse
horsesofinstgram,90,Pony or Horse
house,89,Pony or Horse
bestpony,82,Pony or Horse
horsesofinsta,81,Pony or Horse
horstagram,71,Pony or Horse
wildhorse,71,Pony or Horse
instahorses,70,Pony or Horse
mylittlepony,68,Pony or Horse
Horse,66,Pony or Horse
ponys,64,Pony or Horse
horseagram,59,Pony or Horse
wildpony,56,Pony or Horse
Horses,52,Pony or Horse
ponni,51,Pony or Horse
ponypower,48,Pony or Horse
horsephoto,46,Pony or Horse
prettypony,46,Pony or Horse
foals,45,Pony or Horse
horseofinsta,45,Pony or Horse
lovehorses,40,Pony or Horse
newforesthorse,32,Pony or Horse
Pony,31,Pony or Horse
NewForestPony,30,Pony or Horse
ponylove,28,Pony or Horse
poniesofig,27,Pony or Horse
ponysofinstagram,27,Pony or Horse
horsetagram,27,Pony or Horse
newforestponni,25,Pony or Horse
poniesofinsta,23,Pony or Horse
newforesthorses,22,Pony or Horse
instaponey,20,Pony or Horse
poni,20,Pony or Horse
starwars,83,Popular Culture
gruffalo,81,Popular Culture
natgeo,80,Popular Culture
wherethewildthingsare,76,Popular Culture
waybuloo,75,Popular Culture
10000kmcc,69,Popular Culture
connie,65,Popular Culture
fiftyshades,37,Popular Culture
bbcearth,33,Popular Culture
planetearth,29,Popular Culture
blackbeauty,22,Popular Culture
ironman,22,Popular Culture
bbcbritain,21,Popular Culture
wolves,21,Popular Culture
forestry,175,Profession
forester,165,Profession
work,142,Profession
workshop,121,Profession
lambing,85,Profession
lambing,83,Profession
farmlife,75,Profession
ilovemyjob,61,Profession
groom,49,Profession
chef,47,Profession
cheflife,46,Profession
dowoodworking,44,Profession
modelling,38,Profession
lovewhatyoudo,32,Profession
construction,31,Profession
landscaping,30,Profession
florist,30,Profession
professional,27,Profession
chefsofinstagram,20,Proffesion
visithampshire,475,Promotion
visitengland,401,Promotion
competition,341,Promotion
hampshirelife,223,Promotion
visitbritain,203,Promotion
VisitEngland,165,Promotion
electricforest,129,Promotion
photography,2609,Recreation
camping,1485,Recreation
travel,1324,Recreation
naturephotography,1255,Recreation
walk,1106,Recreation
equestrian,1087,Recreation
holiday,943,Recreation
walking,901,Recreation
cycling,898,Recreation
landscapephotography,784,Recreation
dressage,747,Recreation
horseriding,741,Recreation
photographer,688,Recreation
dogwalk,631,Recreation
riding,524,Recreation
walkies,481,Recreation
walks,474,Recreation
running,442,Recreation
weekendaway,421,Recreation
wildlifephotography,417,Recreation
hiking,416,Recreation
getoutside,401,Recreation
fitness,389,Recreation
equestrianlife,379,Recreation
training,364,Recreation
forestwalk,338,Recreation
travelphotography,336,Recreation
roadtrip,314,Recreation
rider,309,Recreation
dayout,308,Recreation
bikeride,306,Recreation
showjumping,305,Recreation
jumping,304,Recreation
instatravel,299,Recreation
bike,286,Recreation
photoshoot,264,Recreation
ride,261,Recreation
dogwalking,244,Recreation
minibreak,242,Recreation
festival,239,Recreation
trip,237,Recreation
staycation,218,Recreation
mtb,203,Recreation
forestwalks,202,Recreation
dogwalker,202,Recreation
run,201,Recreation
horserider,199,Recreation
hike,182,Recreation
fromwhereiride,157,Recreation
vanlife,155,Recreation
travelling,155,Recreation
glamping,152,Recreation
cycle,147,Recreation
picnic,145,Recreation
cyclinglife,145,Recreation
sailing,144,Recreation
weddingphotography,144,Recreation
equinelife,136,Recreation
outsidehobby,135,Recreation
equinelove,132,Recreation
tent,129,Recreation
biking,128,Recreation
dressagerider,128,Recreation
runforestrun,127,Recreation
horsebackriding,126,Recreation
outandabout,125,Recreation
equestriansofinstagram,120,Recreation
exercise,116,Recreation
foraging,115,Recreation
mountainbike,115,Recreation
walkingthedog,115,Recreation
park,113,Recreation
campervan,113,Recreation
sandyballs,113,Recreation
trailrunning,111,Recreation
watersports,109,Recreation
traveling,109,Recreation
getoutdoors,109,Recreation
equitation,108,Recreation
myhorse,107,Recreation
dressagepony,107,Recreation
swimming,106,Recreation
roamtheplanet,106,Recreation
bikelife,104,Recreation
welivetoexplore,103,Recreation
dogwalks,103,Recreation
daysout,102,Recreation
yoga,99,Recreation
roadbike,99,Recreation
traveler,97,Recreation
crosscountry,95,Recreation
travelpic,95,Recreation
equestrain,92,Recreation
runner,92,Recreation
yachting,91,Recreation
neverstopexploring,91,Recreation
equestrainsofinstagram,89,Recreation
sup,88,Recreation
traveller,88,Recreation
stayandwander,87,Recreation
naturewalk,87,Recreation
morningwalk,86,Recreation
equistrian,85,Recreation
journey,84,Recreation
workout,84,Recreation
sundaywalk,82,Recreation
eventing,81,Recreation
equinephotography,80,Recreation
halfmarathon,80,Recreation
marathon,79,Recreation
bikes,79,Recreation
vwcamper,79,Recreation
cyclist,78,Recreation
kiteboarding,77,Recreation
gooutside,77,Recreation
canter,77,Recreation
drone,77,Recreation
daytrip,77,Recreation
ridewithaview,76,Recreation
bicycle,76,Recreation
exploretheworld,75,Recreation
outdoorlife,74,Recreation
mountainbiking,74,Recreation
travelpics,73,Recreation
trail,73,Recreation
homeiswhereyouparkit,72,Recreation
fishing,70,Recreation
travelophotography,70,Recreation
instatraveling,69,Recreation
campinglife,69,Recreation
travelbug,69,Recreation
horseshow,69,Recreation
triathlon,67,Recreation
hacking,67,Recreation
waterpark,66,Recreation
mytravelgram,66,Recreation
optoutside,66,Recreation
tackless,66,Recreation
14hh,66,Recreation
traveltheworld,66,Recreation
instabike,64,Recreation
paradressage,64,Recreation
sport,64,Recreation
welltravelled,61,Recreation
horsegirl,60,Recreation
goexplore,60,Recreation
gallop,59,Recreation
dressagelife,59,Recreation
woodshavings,59,Recreation
trots,58,Recreation
sportive,58,Recreation
gravelbike,57,Recreation
showjumper,57,Recreation
dressagegirl,57,Recreation
exploreeverything,57,Recreation
fromwhereidrone,56,Recreation
mijntrots,56,Recreation
equitationhorse,56,Recreation
trails,56,Recreation
roadcycling,56,Recreation
equestrianlifestyle,55,Recreation
hobby,55,Recreation
equestrianphotography,54,Recreation
runnersofinstagram,54,Recreation
aquapark,53,Recreation
girltraveller,53,Recreation
cyclingshots,52,Recreation
wakeboarding,51,Recreation
happycamper,51,Recreation
travels,50,Recreation
10k,50,Recreation
countrywalks,50,Recreation
classiccar,50,Recreation
outdoorliving,49,Recreation
tourist,49,Recreation
kayaking,49,Recreation
carspotting,49,Recreation
wildcamping,49,Recreation
newforestwaterpark,48,Recreation
active,48,Recreation
mushroomhunting,48,Recreation
ridning,48,Recreation
campsite,48,Recreation
trekking,47,Recreation
cyclocross,46,Recreation
camp,46,Recreation
golf,46,Recreation
kidsplayarea,46,Recreation
equestrians,46,Recreation
tourism,45,Recreation
hikingadventures,45,Recreation
woodworking,45,Recreation
woodlandwalk,44,Recreation
horsejumping,44,Recreation
hack,44,Recreation
carporn,44,Recreation
girlswhoride,43,Recreation
trot,43,Recreation
rideboost,43,Recreation
cyclingphotos,43,Recreation
ropeswing,43,Recreation
vanimalstravels,43,Recreation
postcard,42,Recreation
weekendfun,42,Recreation
eveningwalk,42,Recreation
pascalcampingtrip,42,Recreation
trek,41,Recreation
wander,41,Recreation
offroad,40,Recreation
petrolhead,40,Recreation
Travel,40,Recreation
Explore,40,Recreation
bitless,40,Recreation
sundayride,39,Recreation
gooutdoors,39,Recreation
intothewild,39,Recreation
countrywalk,39,Recreation
getoutstayout,38,Recreation
sundaywalks,38,Recreation
showing,38,Recreation
osmaps,38,Recreation
marathontraining,38,Recreation
adventureisoutthere,38,Recreation
gravelgrinding,37,Recreation
gravelgrinder,37,Recreation
yachts,37,Recreation
uktravel,37,Recreation
forage,37,Recreation
bikeporn,37,Recreation
adventureawaits,37,Recreation
explorer,36,Recreation
camper,36,Recreation
GetOutside,36,Recreation
bareback,36,Recreation
afternoonwalk,36,Recreation
cyclingpics,35,Recreation
ontheroad,34,Recreation
happycampers,34,Recreation
rambling,34,Recreation
carspotter,34,Recreation
trailslikethese,33,Recreation
enduro,33,Recreation
liveoutdoors,33,Recreation
caravan,33,Recreation
eventer,33,Recreation
lovetheoutdoors,33,Recreation
sundaystroll,33,Recreation
tricktraining,33,Recreation
bikepacking,33,Recreation
aventuras,33,Recreation
race,33,Recreation
equinephoto,32,Recreation
equestrianstyle,32,Recreation
naturalhorsemanship,32,Recreation
woodlandwalks,32,Recreation
gravelguerilla,31,Recreation
yacht,31,Recreation
swing,31,Recreation
Camping,31,Recreation
cyclelife,31,Recreation
instarunners,31,Recreation
swim,31,Recreation
geocaching,31,Recreation
familytravel,31,Recreation
cyclingadventures,31,Recreation
letthemexplore,31,Recreation
wanderer,31,Recreation
birdwatching,31,Recreation
dogwalkingviews,31,Recreation
miniadventures,31,Recreation
equinesofinstagram,30,Recreation
boots,30,Recreation
wandering,30,Recreation
pedalpower,30,Recreation
climbing,29,Recreation
play,29,Recreation
activity,29,Recreation
saddle,29,Recreation
lunging,29,Recreation
fungifinder,29,Recreation
sundaybikeride,29,Recreation
meditation,28,Recreation
ukrunchat,28,Recreation
Outdoors,28,Recreation
kayak,28,Recreation
stroll,28,Recreation
campingtrip,27,Recreation
swimbikerun,27,Recreation
bikestagram,27,Recreation
treeclimbing,27,Recreation
tentlife,27,Recreation
outdoorphotography,27,Recreation
longdownactivityfarm,27,Recreation
exploredorset,27,Recreation
belltent,26,Recreation
jumpinghorse,26,Recreation
5k,26,Recreation
trailrun,26,Recreation
therideclub,26,Recreation
countrysidewalks,26,Recreation
motorhome,25,Recreation
forestbathing,25,Recreation
traveluk,25,Recreation
cricket,25,Recreation
hollandswoodcampsite,25,Recreation
triathlete,25,Recreation
thesundaycyclist,25,Recreation
cycler,25,Recreation
bikerider,25,Recreation
wakeboard,24,Recreation
canoeing,24,Recreation
tandem,24,Recreation
dogwalkakamushroomhunt,24,Recreation
flyfishing,24,Recreation
playing,24,Recreation
getout,23,Recreation
drones,23,Recreation
runners,23,Recreation
roundhillcampsite,23,Recreation
archery,23,Recreation
boldre,23,Recreation
adventurethatislife,23,Recreation
pilates,22,Recreation
dofe,22,Recreation
campers,22,Recreation
holidayfun,22,Recreation
ridetastefully,22,Recreation
instacycle,22,Recreation
journaling,22,Recreation
giantbikes,21,Recreation
football,21,Recreation
runnerscommunity,21,Recreation
walkinguk,21,Recreation
dance,21,Recreation
weekendwalks,21,Recreation
roaming,21,Recreation
equestre,21,Recreation
map,20,Recreation
microadventure,20,Recreation
hunter,20,Recreation
mtblife,20,Recreation
hiker,20,Recreation
horseback,20,Recreation
Equestrian,20,Recreation
hampshire,6535,Regional
dorset,1012,Regional
Hampshire,904,Regional
country,416,Regional
southcoast,331,Regional
wiltshire,303,Regional
isleofwight,269,Regional
Dorset,232,Regional
Wiltshire,114,Regional
loveforhants,76,Regional
hampshirephotography,68,Regional
south,58,Regional
loveforhampshire,57,Regional
forestfindings,57,Regional
explorehampshire,56,Regional
igershampshire,56,Regional
dorsetlife,51,Regional
hants,51,Regional
southengland,36,Regional
lovehampshire,34,Regional
hampshiredetailing,31,Regional
igershants,27,Regional
hampshirecoastline,23,Regional
southwest,20,Regional
escapelondon,20,Regional
loveautumn,20,Seanson
Halloween,20,Seanson
autumn,3614,Seasonal
summer,1958,Seasonal
winter,366,Seasonal
fall,334,Seasonal
christmas,284,Seasonal
autumnleaves,224,Seasonal
autumncolours,189,Seasonal
summertime,173,Seasonal
britishsummer,143,Seasonal
autumnal,133,Seasonal
Autumn,114,Seasonal
halloween,112,Seasonal
summer,92,Seasonal
autumnwalks,79,Seasonal
autumncolors,75,Seasonal
seasons,74,Seasonal
winteriscoming,71,Seasonal
englishsummer,70,Seasonal
Christmas,69,Seasonal
autumnwalk,62,Seasonal
autumnsun,58,Seasonal
festive,51,Seasonal
autumnwatch,50,Seasonal
Summer,47,Seasonal
autumnvibes,46,Seasonal
summer,45,Seasonal
seasonal,45,Seasonal
summerholiday,43,Seasonal
autumndays,42,Seasonal
autumnday,42,Seasonal
christmastree,41,Seasonal
wintersun,40,Seasonal
schoolholidays,39,Seasonal
summerdays,39,Seasonal
spring,38,Seasonal
season,38,Seasonal
summerevening,34,Seasonal
christmasiscoming,34,Seasonal
autumnbreak,33,Seasonal
autumnishere,33,Seasonal
winterwalks,32,Seasonal
britishsummertime,31,Seasonal
summerfun,28,Seasonal
summervibes,28,Seasonal
autumnfood,27,Seasonal
autumn,27,Seasonal
embracingtheseasons,26,Seasonal
autumncolour,26,Seasonal
ember,25,Seasonal
winterwalk,24,Seasonal
autumniscoming,23,Seasonal
summersnaps,23,Seasonal
summersun,23,Seasonal
summernights,22,Seasonal
autumnphotography,22,Seasonal
endofsummer,21,Seasonal
green,586,Sensory
reflection,310,Sensory
blackandwhite,283,Sensory
colours,232,Sensory
grey,227,Sensory
colour,209,Sensory
blue,208,Sensory
bnw,190,Sensory
light,182,Sensory
red,174,Sensory
orange,157,Sensory
agameoftones,152,Sensory
purple,149,Sensory
pink,129,Sensory
reflections,128,Sensory
fresh,114,Sensory
yellow,111,Sensory
white,110,Sensory
brown,106,Sensory
visualsoflife,105,Sensory
scenicbritain,102,Sensory
colourful,96,Sensory
black,90,Sensory
cosy,78,Sensory
warmblood,75,Sensory
tranquility,59,Sensory
bevisuallyinspired,58,Sensory
hot,58,Sensory
beautifulview,52,Sensory
dark,47,Sensory
quiet,45,Sensory
fireworks,44,Sensory
campfire,43,Sensory
gold,42,Sensory
detail,42,Sensory
orangesky,41,Sensory
details,41,Sensory
glitter,40,Sensory
bright,39,Sensory
texture,37,Sensory
sparkle,37,Sensory
scenesnotscreens,37,Sensory
childrenseemagic,37,Sensory
golden,34,Sensory
warm,33,Sensory
color,30,Sensory
spotty,28,Sensory
bubbles,28,Sensory
redhead,27,Sensory
chilly,27,Sensory
viewofhampshire,27,Sensory
brunette,27,Sensory
fast,27,Sensory
mirror,25,Sensory
big,24,Sensory
little,24,Sensory
lighting,23,Sensory
lights,23,Sensory
splash,23,Sensory
speed,22,Sensory
shadesofgreen,22,Sensory
blacknwhite,22,Sensory
bronze,22,Sensory
candles,22,Sensory
heaven,21,Sensory
pattern,21,Sensory
chilli,20,Sensory
copper,20,Sensory
redsky,20,Sensory
instagood,1059,SM
nofilter,1001,SM
ig,916,SM
photooftheday,862,SM
instadaily,666,SM
picoftheday,480,SM
travelgram,422,SM
instagram,417,SM
like4like,326,SM
ukpotd,310,SM
travelblogger,244,SM
instalike,188,SM
instapic,179,SM
vsco,172,SM
blogger,157,SM
tbt,148,SM
nofilterneeded,140,SM
potd,137,SM
2017AGreatYear,135,SM
pictureoftheday,134,SM
throwback,130,SM
travelblog,124,SM
classyliltaya,122,SM
follow,121,SM
pferdepost,121,SM
themeforest,121,SM
likeforlike,117,SM
f4f,115,SM
moodygrams,114,SM
swisbest,110,SM
followme,107,SM
instaphoto,105,SM
insta,104,SM
throwbackthursday,103,SM
picturesque,103,SM
tb,98,SM
igers,98,SM
lensbible,97,SM
rsa,93,SM
followforfollow,92,SM
earthfocus,80,SM
justgoshoot,79,SM
artoftheday,78,SM
lovewhatyoudodowhatyoulove,78,SM
goldenhour,73,SM
blog,69,SM
instapassport,64,SM
foto,63,SM
igtravel,62,SM
thisgirlcan,62,SM
horseoftheday,60,SM
instamood,58,SM
gramslayers,56,SM
earthimagined,55,SM
video,53,SM
carselfie,52,SM
friyay,51,SM
globaltravelgram,51,SM
follow4follow,50,SM
doodlesofinstagram,49,SM
fanart,49,SM
documentyourdays,47,SM
lifestyleblogger,46,SM
childofig,45,SM
lolmetjeknol,44,SM
igdaily,44,SM
instalove,44,SM
passionpassport,44,SM
omgb,42,SM
fashionblogger,42,SM
shicluna,41,SM
plaintosea,40,SM
instafollow,37,SM
instaartist,36,SM
instafit,36,SM
tongueouttuesday,35,SM
bestoftheday,34,SM
boomerang,34,SM
foodblogger,34,SM
instacar,33,SM
instacars,33,SM
failfriday,32,SM
gspsofinstagram,32,SM
Vlogger,32,SM
DailyVlogger,32,SM
HampshireVlogger,32,SM
detailersofinstagram,32,SM
photosinbetween,31,SM
equestrianblogger,29,SM
instamoment,29,SM
TBT,28,SM
snapchat,28,SM
myart,28,SM
repost,28,SM
shared,28,SM
ruffledblog,27,SM
gspoftheday,27,SM
interiorstyling,27,SM
youtube,27,SM
monty,27,SM
rapha,27,SM
noedit,26,SM
instaspitz,26,SM
photodaily,25,SM
ocscolourmegood,25,SM
photographyeveryday,25,SM
blogpost,25,SM
gameofdrones,24,SM
lucasraye,24,SM
natureza,24,SM
prinzess,24,SM
instago,23,SM
theglobewanderer,23,SM
mtnf,23,SM
bosque,23,SM
blogging,23,SM
instacool,23,SM
gspofinstagram,22,SM
instahappy,22,SM
socialmedia,21,SM
ThrowbackThursday,21,SM
artblogger,21,SM
imogencharleston,21,SM
earthcapture,21,SM
imnotfatimfluffy,21,SM
cardsandacuppablog,21,SM
hashtag,20,SM
mummyblogger,20,SM
didlingtondoodles,20,SM
createexploretakeover,20,SM
willowandember,20,SM
sonyalpha,20,SM
Instagram,20,SM
nofilters,20,SM
hippygirl,41,Socail
gay,41,Socail
jumper,38,Socail
family,1217,Social
countrylife,684,Social
friends,640,Social
wedding,543,Social
home,374,Social
familytime,349,Social
selfie,285,Social
forestlife,228,Social
birthday,227,Social
countrygirl,210,Social
goals,192,Social
myboy,191,Social
countryliving,186,Social
baby,182,Social
schooling,166,Social
mine,151,Social
friday,140,Social
Repost,138,Social
lovewhereyoulive,138,Social
MakingMemories,136,Social
boyfriend,135,Social
weddingday,132,Social
bestfriends,129,Social
couple,127,Social
bestfriend,122,Social
girl,121,Social
health,118,Social
goodtimes,108,Social
kids,106,Social
hampshirewedding,104,Social
girls,101,Social
fitfam,94,Social
blonde,94,Social
daughter,93,Social
healthy,91,Social
jump,91,Social
hugs,90,Social
sisters,90,Social
familyfun,90,Social
fit,90,Social
Home,87,Social
boy,85,Social
party,83,Social
makingmemories,81,Social
weddingideas,78,Social
wissper,75,Social
mymonsters,74,Social
friendship,70,Social
our,68,Social
my,65,Social
gardening,65,Social
me,64,Social
girlfriend,64,Social
candidchildhood,63,Social
myworld,62,Social
familyholiday,61,Social
anniversary,60,Social
weddings,58,Social
toddler,57,Social
fiance,55,Social
son,54,Social
mum,54,Social
besties,54,Social
thefamilynarrative,54,Social
hippy,53,Social
charity,52,Social
children,51,Social
lifebehindbars,51,Social
husband,51,Social
childhoodunplugged,51,Social
childfree,50,Social
boys,49,Social
nephew,48,Social
mygirl,48,Social
sister,48,Social
cuddles,46,Social
babyboy,46,Social
engaged,46,Social
poser,45,Social
birthdayweekend,44,Social
cousins,44,Social
youngster,43,Social
girlsweekend,43,Social
niece,42,Social
mumlife,42,Social
babygirl,42,Social
team,42,Social
travelwithkids,42,Social
thingstodo,42,Social
liveforthestory,41,Social
Family,41,Social
marriage,41,Social
couplegoals,40,Social
toddlerlife,40,Social
polishgirl,40,Social
familyday,39,Social
gift,39,Social
mother,38,Social
theartofchildhood,38,Social
littlepiecesofchildhood,38,Social
child,37,Social
mylife,37,Social
enchantedchildhood,37,Social
celebration,36,Social
Homes,36,Social
birthdaygirl,35,Social
familydayout,35,Social
cheers,35,Social
brother,35,Social
wife,35,Social
childhood,34,Social
friend,34,Social
dad,34,Social
treehugger,34,Social
soulmate,33,Social
quotes,33,Social
siblings,33,Social
escapethecity,33,Social
Transgender,33,Social
Trans,33,Social
MotivationalSpeaker,33,Social
LGBT,33,Social
pose,32,Social
funday,32,Social
mummy,32,Social
thankyou,32,Social
TransgenderPublicFigure,32,Social
PublicSpeaker,32,Social
ThisIsWhatTransLooksLike,32,Social
MotivationalQuote,32,Social
InspirationalQuote,32,Social
InspirationalSpeaker,32,Social
TransgenderSpeaker,32,Social
share,31,Social
toddlersofinstagram,31,Social
twins,31,Social
teamwork,31,Social
l,31,Social
blueeyes,31,Social
mom,31,Social
playtime,30,Social
newborn,30,Social
lgbt,30,Social
happybirthday,30,Social
timeout,30,Social
bestie,30,Social
brothers,29,Social
daddy,29,Social
kidsofinstagram,29,Social
bucketlist,29,Social
vertrauen,29,Social
wanderfolk,29,Social
memoirsofmotherhood,29,Social
moment,28,Social
babies,28,Social
papercut,27,Social
her,27,Social
mybaby,27,Social
backtobasics,27,Social
engagement,27,Social
funinthesun,27,Social
myboys,27,Social
newfriends,27,Social
birthdaytreat,27,Social
honestlyparents,27,Social
gardenparty,26,Social
mrandmrs,26,Social
familyfirst,26,Social
husbandandwife,26,Social
hendo,26,Social
runwildmychild,26,Social
naturalchildhood,26,Social
kisses,25,Social
parenting,25,Social
singer,25,Social
student,25,Social
daughters,25,Social
thecuriouschild,25,Social
dumbblonde,24,Social
parents,24,Social
fatherandson,24,Social
mybackgarden,24,Social
singleparent,24,Social
datenight,23,Social
catchup,23,Social
walkswiththeseones,23,Social
instakids,23,Social
parenthood,23,Social
squadgoals,23,Social
people,23,Social
kiss,23,Social
travelmemories,23,Social
familywalk,22,Social
creativelearning,22,Social
familygoals,22,Social
present,22,Social
actionshot,22,Social
families,21,Social
metime,21,Social
motherhood,21,Social
fromwhereistand,21,Social
teambuilding,21,Social
henparty,21,Social
naturehippys,21,Social
justmarried,21,Social
mybestfriend,21,Social
promise,21,Social
sleeping,20,Social
together,20,Social
birthdayparty,20,Social
birthdayboy,20,Social
instagay,20,Social
weekend,837,Time
sunday,378,Time
2017,277,Time
bankholiday,264,Time
sundayfunday,264,Time
morning,243,time
saturday,210,Time
october,198,Time
november,196,Time
progress,173,Time
future,156,Time
evening,152,Time
september,129,Time
weekendvibes,126,Time
dayoff,122,Time
august,102,Time
7years,92,Time
sundays,89,Time
sundayvibes,84,Time
monday,75,Time
mondaymotivation,61,Time
halfterm,53,Time
sunnydays,50,Time
earlymornings,45,time
Sunday,44,time
day,44,time
sundaylunch,44,time
afternoon,43,time
sundaymorning,43,Time
tuesday,42,Time
tgif,42,time
thursday,41,Time
wednesday,40,time
weekends,40,Time
2018,32,Time
dayoffwork,32,Time
Oct,30,Time
humpday,29,Time
today,29,Time
earlymorning,28,Time
early,26,Time
saturdaymorning,26,Time
lastnight,26,time
sunnysunday,25,time
Saturday,24,Time
happyfriday,23,Time
mondaymorning,22,Time
Dec,22,Time
Lymington,1771,Town or Village
brockenhurst,1262,Town or Village
lyndhurst,1251,Town or Village
beaulieu,1145,Town or Village
southampton,1091,Town or Village
burley,724,Town or Village
bournemouth,566,Town or Village
ringwood,449,Town or Village
newmilton,416,Town or Village
milfordonsea,356,Town or Village
totton,241,Town or Village
romsey,221,Town or Village
hythe,209,Town or Village
christchurch,207,Town or Village
swayhampshire,182,Town or Village
fordingbridge,121,Town or Village
highcliffe,71,Town or Village
calshot,60,Town or Village
bartononsea,59,Town or Village
minstead,53,Town or Village
mudeford,51,Town or Village
ashurst,49,Town or Village
fritham,49,Town or Village
bickton,49,Town or Village
verwood,40,Town or Village
milford,34,Town or Village
bransgore,31,Town or Village
holmsley,29,Town or Village
godshill,28,Town or Village
eastboldre,26,Town or Village
setley,26,Town or Village
lyndhursthighstreet,23,Town or Village
lymingtontown,22,Town or Village
brook,22,Town or Village
downton,21,Town or Village
wellow,21,Town or Village
car,111,Transport
carsofinstagram,109,Transport
vw,108,Transport
subaruforester,108,Transport
boats,107,Transport
cars,102,Transport
road,89,Transport
path,88,Transport
boat,69,Transport
supercar,69,Transport
carswithoutlimits,67,Transport
Motor,64,Transport
driving,61,Transport
drive,52,Transport
automotive,45,Transport
flying,43,Transport
traffic,43,Transport
newcar,43,Transport
luxurycars,43,Transport
triumph,42,Transport
classiccars,42,Transport
van,41,Transport
motorbike,39,Transport
train,35,Transport
motorcycle,35,Transport
amazingcars,35,Transport
supercars,33,Transport
supercarsdaily,30,Transport
Cars,30,Transport
commute,27,Transport
vwbus,27,Transport
roadslikethese,26,Transport
trafficjam,23,Transport
Vehicles,20,Transport
h,153,Unknown
BD,136,Unknown
b,107,Unknown
7jaar,91,Unknown
ourplanetdaily,87,Unknown
eventprofs,83,Unknown
sj,79,Unknown
lfl,77,Unknown
l4l,77,Unknown
ww,74,Unknown
turningpoint,74,Unknown
div,74,Unknown
13,73,Unknown
forsale,70,Unknown
fff,69,Unknown
eos,68,Unknown
latergram,67,Unknown
igersuk,65,Unknown
cnd,62,Unknown
lookup,60,Unknown
sparklesparkle,59,Unknown
ootd,58,Unknown
power,57,Unknown
myproud,56,Unknown
thatsdarling,53,Unknown
dorsetteam,52,Unknown
jj,52,Unknown
singleorigin,50,Unknown
glitterheaven,47,Unknown
all,46,Unknown
6d,45,Unknown
Jul,45,Unknown
xc,44,Unknown
specialized,43,Unknown
gsd,42,Unknown
whaletalesblog,39,Unknown
thesincerestoryteller,39,Unknown
themindfulapproach,39,Unknown
thegallerycollective,39,Unknown
thehonestlens,39,Unknown
syphonista,37,Unknown
digitalart,37,Unknown
the,36,Unknown
50kaday,35,Unknown
review,35,Unknown
bns,35,Unknown
rescue,34,Unknown
bhp,34,Unknown
russf,34,Unknown
eye,34,Unknown
MtF,33,Unknown
etsyuk,32,Unknown
k,32,Unknown
ottb,32,Unknown
ngadc,32,Unknown
namu,32,Unknown
paisajes,32,Unknown
jayeon,32,Unknown
DontStop,32,Unknown
HPR,32,Unknown
DoMore,32,Unknown
lumixfz,31,Unknown
rs2images,31,Unknown
countdown,31,Unknown
hesterbest,30,Unknown
shire,30,Unknown
squad,30,Unknown
total,30,Unknown
ic,30,Unknown
western,29,Unknown
world,29,Unknown
dressuur,29,Unknown
steelisreal,29,Unknown
hello,28,Unknown
makersmovement,28,Unknown
The4MilanoEPs,28,Unknown
pvdapproved,28,Unknown
pvd,28,Unknown
4yo,27,Unknown
wildandbravelittles,27,Unknown
Inglaterra,27,Unknown
places,26,Unknown
d,26,Unknown
cwp,26,Unknown
r,26,Unknown
typography,25,Unknown
location,25,Unknown
digital,25,Unknown
s,25,Unknown
hho,24,Unknown
d,23,Unknown
rpt,23,Unknown
maketheconnection,22,Unknown
nsi,22,Unknown
f,21,Unknown
livetp,21,Unknown
jrt,21,Unknown
mexx,21,Unknown
heyclay,20,Unknown
inspo,20,Unknown
hpow,20,Unknown
lta,20,Unknown
idk,20,Unknown
